# Buddhist,TaoTeChing,Upnishad,YogaSutra,BookProverb,BookEcclesiastes,BookEccleasiasticus,BookWisdom
0.0|0|0,0.911111|24|5,0.888889|18|151,0.911392|34|90,0.9447|0|3,0.943548|0|7,0.939781|36|37,0.940741|41|18
0.911111|24|5,0.0|0|0,0.869565|70|134,0.904762|42|47,0.930556|58|1,0.920635|41|5,0.936937|61|31,0.933735|24|8
0.888889|18|151,0.869565|70|134,0.0|0|0,0.875|110|91,0.915033|1|1,0.920398|138|0,0.923841|48|32,0.915842|35|8
0.911392|34|90,0.904762|42|47,0.875|110|91,0.0|0|0,0.919708|186|1,0.921951|140|10,0.916667|107|1,0.910526|179|8
0.9447|0|3,0.930556|58|1,0.915033|1|1,0.919708|186|1,0.0|0|0,0.85159|30|4,0.832808|18|20,0.836735|1|0
0.943548|0|7,0.920635|41|5,0.920398|138|0,0.921951|140|10,0.85159|30|4,0.0|0|0,0.841584|4|17,0.859316|7|8
0.939781|36|37,0.936937|61|31,0.923841|48|32,0.916667|107|1,0.832808|18|20,0.841584|4|17,0.0|0|0,0.849421|0|8
0.940741|41|18,0.933735|24|8,0.915842|35|8,0.910526|179|8,0.836735|1|0,0.859316|7|8,0.849421|0|8,0.0|0|0
