# Buddhist,TaoTeChing,Upnishad,YogaSutra,BookProverb,BookEcclesiastes,BookEccleasiasticus,BookWisdom
0.087418,0.024438,0.024838,0.029195,0.023426,0.027699,0.023463,0.028588
0.024438,0.081861,0.030237,0.033350,0.051085,0.069144,0.056386,0.067345
0.024838,0.030237,0.062297,0.039080,0.050212,0.063901,0.056083,0.051572
0.029195,0.033350,0.039080,0.092359,0.064322,0.082935,0.065220,0.065362
0.023426,0.051085,0.050212,0.064322,0.442808,0.351813,0.363293,0.269780
0.027699,0.069144,0.063901,0.082935,0.351813,0.462774,0.339241,0.289256
0.023463,0.056386,0.056083,0.065220,0.363293,0.339241,0.379472,0.286200
0.028588,0.067345,0.051572,0.065362,0.269780,0.289256,0.286200,0.306763
