# Buddhist,TaoTeChing,Upnishad,YogaSutra,BookProverb,BookEcclesiastes,BookEccleasiasticus,BookWisdom
0.0|0|0,5.09902|13|5,2.44949|13|142,4.472136|13|7,15.231546|13|8,15.362291|13|5,16.552945|13|47,17.291616|13|0
5.09902|13|5,0.0|0|0,5.656854|5|142,6.63325|39|7,15.905974|71|8,15.811388|5|5,17.146428|5|47,17.521415|5|0
2.44949|13|142,5.656854|5|142,0.0|0|0,4.898979|142|7,14.662878|43|8,14.866069|43|5,16.613248|17|47,16.970563|43|0
4.472136|13|7,6.63325|39|7,4.898979|142|7,0.0|0|0,15.427249|74|8,14.764823|70|5,16.911535|148|47,17.233688|148|0
15.231546|13|8,15.905974|71|8,14.662878|43|8,15.427249|74|8,0.0|0|0,17.029386|8|5,20.59126|8|47,20.371549|8|0
15.362291|13|5,15.811388|5|5,14.866069|43|5,14.764823|70|5,17.029386|8|5,0.0|0|0,20.542639|5|47,19.77372|5|0
16.552945|13|47,17.146428|5|47,16.613248|17|47,16.911535|148|47,20.59126|8|47,20.542639|5|47,0.0|0|0,21.236761|14|3
17.291616|13|0,17.521415|5|0,16.970563|43|0,17.233688|148|0,20.371549|8|0,19.77372|5|0,21.236761|14|3,0.0|0|0
