# Buddhist,TaoTeChing,Upnishad,YogaSutra,BookProverb,BookEcclesiastes,BookEccleasiasticus,BookWisdom
136.641868|10|36,130.896906|36|37,130.522029|36|59,131.533266|36|156,134.988888|36|10,134.822105|36|2,136.102902|36|5,137.138616|36|11
130.896906|36|37,22.0|19|37,23.937418|37|139,32.756679|37|131,41.569219|37|10,42.860238|37|2,47.497368|37|5,47.528939|37|11
130.522029|36|59,23.937418|37|139,21.283797|59|139,31.749016|137|131,41.024383|139|10,42.332021|139|2,46.829478|139|5,46.904158|139|11
131.533266|36|156,32.756679|37|131,31.749016|137|131,32.863353|114|131,45.376205|131|22,45.188494|156|2,51.019604|131|5,51.478151|131|11
134.988888|36|10,41.569219|37|10,41.024383|139|10,45.376205|131|22,44.844175|10|29,49.869831|22|2,53.450912|10|6,53.823787|10|11
134.822105|36|2,42.860238|37|2,42.332021|139|2,45.188494|156|2,49.869831|22|2,40.926764|2|9,55.380502|2|5,54.074023|2|11
136.102902|36|5,47.497368|37|5,46.829478|139|5,51.019604|131|5,53.450912|10|6,55.380502|2|5,52.249402|6|38,52.592775|38|11
137.138616|36|11,47.528939|37|11,46.904158|139|11,51.478151|131|11,53.823787|10|11,54.074023|2|11,52.592775|38|11,50.467812|1|11
