# Buddhist,TaoTeChing,Upnishad,YogaSutra,BookProverb,BookEcclesiastes,BookEccleasiasticus,BookWisdom
30.991934,19.493589,18.681542,19.924859,34.481879,31.216981,36.530803,31.811947
19.493589,12.489996,11.575837,13.228757,27.422618,26.191602,30.626786,25.787594
18.681542,11.575837,10.198039,12.000000,26.870058,25.884358,30.265492,25.495098
19.924859,13.228757,12.000000,13.304135,27.694765,26.286879,30.805844,26.229754
34.481879,27.422618,26.870058,27.694765,28.460499,29.504206,32.062439,31.749016
31.216981,26.191602,25.884358,26.286879,29.504206,26.210657,31.144823,29.732094
36.530803,30.626786,30.265492,30.805844,32.062439,31.144823,33.339166,33.173784
31.811947,25.787594,25.495098,26.229754,31.749016,29.732094,33.173784,30.479501
