# Buddhist,TaoTeChing,Upnishad,YogaSutra,BookProverb,BookEcclesiastes,BookEccleasiasticus,BookWisdom
34.898347,25.823133,24.939071,26.262285,37.912675,36.084133,40.044208,36.705148
25.823133,12.646956,11.806554,13.703188,28.500798,26.162793,30.985411,26.961687
24.939071,11.806554,10.117823,12.439043,28.037371,25.699628,30.571698,26.593553
26.262285,13.703188,12.439043,13.864563,28.693108,26.375435,31.195770,27.330637
37.912675,28.500798,28.037371,28.693108,28.521974,30.405394,32.630772,32.422465
36.084133,26.162793,25.699628,26.375435,30.405394,25.568697,32.364656,30.823839
40.044208,30.985411,30.571698,31.195770,32.630772,32.364656,33.357440,33.838245
36.705148,26.961687,26.593553,27.330637,32.422465,30.823839,33.838245,30.015451
