# Buddhist,TaoTeChing,Upnishad,YogaSutra,BookProverb,BookEcclesiastes,BookEccleasiasticus,BookWisdom
213.000000,153.000000,137.000000,162.000000,345.000000,333.000000,393.500000,363.500000
153.000000,104.000000,90.000000,112.000000,293.000000,277.000000,341.000000,297.000000
137.000000,90.000000,72.000000,95.000000,278.000000,265.000000,324.000000,285.000000
162.000000,112.000000,95.000000,113.000000,298.000000,283.000000,344.000000,305.000000
345.000000,293.000000,278.000000,298.000000,379.000000,388.500000,438.000000,438.000000
333.000000,277.000000,265.000000,283.000000,388.500000,346.000000,423.000000,407.000000
393.500000,341.000000,324.000000,344.000000,438.000000,423.000000,463.000000,465.000000
363.500000,297.000000,285.000000,305.000000,438.000000,407.000000,465.000000,437.000000
