# Buddhist,TaoTeChing,Upnishad,YogaSutra,BookProverb,BookEcclesiastes,BookEccleasiasticus,BookWisdom
1.0|0|4,1.0|0|5,1.0|0|2,1.0|0|0,1.0|4|0,1.0|4|0,1.0|4|0,1.0|4|1
1.0|0|5,1.0|0|11,1.0|0|5,1.0|0|5,1.0|4|25,1.0|10|9,1.0|2|42,1.0|5|7
1.0|0|2,1.0|0|5,1.0|0|11,1.0|0|33,1.0|5|2,1.0|5|1,1.0|5|0,1.0|5|6
1.0|0|0,1.0|0|5,1.0|0|33,1.0|0|4,1.0|0|11,1.0|12|5,1.0|1|4,1.0|5|2
1.0|4|0,1.0|4|25,1.0|5|2,1.0|0|11,0.945289|7|25,0.956364|20|0,0.974922|25|43,0.969613|25|16
1.0|4|0,1.0|10|9,1.0|5|1,1.0|12|5,0.956364|20|0,0.913223|0|9,0.951327|0|4,0.958647|9|2
1.0|4|0,1.0|2|42,1.0|5|0,1.0|1|4,0.974922|25|43,0.951327|0|4,0.952514|42|47,0.961194|34|16
1.0|4|1,1.0|5|7,1.0|5|6,1.0|5|2,0.969613|25|16,0.958647|9|2,0.961194|34|16,0.95679|0|18
