# Buddhist,TaoTeChing,Upnishad,YogaSutra,BookProverb,BookEcclesiastes,BookEccleasiasticus,BookWisdom
0.976190,0.988636,0.991379,0.986667,0.986614,0.984536,0.987124,0.985222
0.988636,0.970588,0.987500,0.985075,0.979253,0.971679,0.978039,0.976285
0.991379,0.987500,0.982143,0.985507,0.985782,0.980198,0.985140,0.984962
0.986667,0.985075,0.985507,0.969136,0.979592,0.973451,0.978903,0.977310
0.986614,0.979253,0.985782,0.979592,0.886139,0.905003,0.900702,0.924399
0.984536,0.971679,0.980198,0.973451,0.905003,0.865232,0.900000,0.911574
0.987124,0.978039,0.985140,0.978903,0.900702,0.900000,0.886923,0.912552
0.985222,0.976285,0.984962,0.977310,0.924399,0.911574,0.912552,0.906915
