# Buddhist,TaoTeChing,Upnishad,YogaSutra,BookProverb,BookEcclesiastes,BookEccleasiasticus,BookWisdom
267.417769,197.520129,181.626249,205.261327,383.884993,365.826087,431.256522,398.450801
197.520129,106.136869,94.880377,118.969266,295.658303,275.270576,341.673827,308.636127
181.626249,94.880377,76.991320,102.682609,281.689641,262.047101,328.067950,296.130762
205.261327,118.969266,102.682609,122.556177,302.758404,282.621930,348.845474,316.739889
383.884993,295.658303,281.689641,302.758404,375.304891,391.120968,442.550323,439.573854
365.826087,275.270576,262.047101,282.621930,391.120968,318.291667,428.223333,411.881579
431.256522,341.673827,328.067950,348.845474,442.550323,428.223333,461.605600,469.731579
398.450801,308.636127,296.130762,316.739889,439.573854,411.881579,469.731579,414.770083
