# Buddhist,TaoTeChing,Upnishad,YogaSutra,BookProverb,BookEcclesiastes,BookEccleasiasticus,BookWisdom
0.039139,0.013209,0.009054,0.018262,0.018107,0.022470,0.017332,0.021136
0.013209,0.059396,0.020261,0.024840,0.038571,0.059561,0.045870,0.057785
0.009054,0.020261,0.036788,0.026352,0.035990,0.053944,0.042878,0.039666
0.018262,0.024840,0.026352,0.070321,0.048381,0.069486,0.051681,0.054932
0.018107,0.038571,0.035990,0.048381,0.418616,0.351295,0.363196,0.237649
0.022470,0.059561,0.053944,0.069486,0.351295,0.424320,0.342276,0.291609
0.017332,0.045870,0.042878,0.051681,0.363196,0.342276,0.371881,0.263894
0.021136,0.057785,0.039666,0.054932,0.237649,0.291609,0.263894,0.255347
