# Buddhist,TaoTeChing,Upnishad,YogaSutra,BookProverb,BookEcclesiastes,BookEccleasiasticus,BookWisdom
1.0|0|0,0.327723|42|1,0.400892|25|58,0.424264|19|128,0.117625|30|7,0.166946|42|3,0.185576|30|44,0.20826|30|13
0.327723|42|1,1.0|0|0,0.420841|70|138,0.472595|69|47,0.316367|52|10,0.251574|58|11,0.300105|33|41,0.297731|57|3
0.400892|25|58,0.420841|70|138,1.0|0|0,0.440435|5|157,0.409212|43|23,0.3295|43|10,0.40253|43|14,0.42041|43|3
0.424264|19|128,0.472595|69|47,0.440435|5|157,1.0|0|0,0.405134|186|22,0.382825|25|2,0.460912|186|3,0.440031|180|3
0.117625|30|7,0.316367|52|10,0.409212|43|23,0.405134|186|22,1.0|0|0,0.635644|23|10,0.764533|2|5,0.735761|10|3
0.166946|42|3,0.251574|58|11,0.3295|43|10,0.382825|25|2,0.635644|23|10,1.0|0|0,0.623677|11|14,0.58714|11|3
0.185576|30|44,0.300105|33|41,0.40253|43|14,0.460912|186|3,0.764533|2|5,0.623677|11|14,1.0|0|0,0.738057|14|3
0.20826|30|13,0.297731|57|3,0.42041|43|3,0.440031|180|3,0.735761|10|3,0.58714|11|3,0.738057|14|3,1.0|0|0
