# Buddhist,TaoTeChing,Upnishad,YogaSutra,BookProverb,BookEcclesiastes,BookEccleasiasticus,BookWisdom
0.0|0|4,0.0|0|5,0.0|0|2,0.0|0|0,0.0|4|0,0.0|4|0,0.0|4|0,0.0|4|1
0.0|0|5,0.0|0|11,0.0|0|5,0.0|0|5,0.0|4|25,0.0|10|9,0.0|2|42,0.0|5|7
0.0|0|2,0.0|0|5,0.0|0|11,0.0|0|33,0.0|5|2,0.0|5|1,0.0|5|0,0.0|5|6
0.0|0|0,0.0|0|5,0.0|0|33,0.0|0|4,0.0|0|11,0.0|12|5,0.0|1|4,0.0|5|2
0.0|4|0,0.0|4|25,0.0|5|2,0.0|0|11,0.072807|6|10,0.07674|4|2,0.064163|25|43,0.041524|16|16
0.0|4|0,0.0|10|9,0.0|5|1,0.0|12|5,0.07674|4|2,0.206353|2|9,0.096628|10|45,0.098074|2|16
0.0|4|0,0.0|2|42,0.0|5|0,0.0|1|4,0.064163|25|43,0.096628|10|45,0.07078|7|43,0.076613|43|16
0.0|4|1,0.0|5|7,0.0|5|6,0.0|5|2,0.041524|16|16,0.098074|2|16,0.076613|43|16,0.061792|1|16
